Date,Close/Last,Volume,Open,High,Low
06/04/2021,$139.85,6662783,$137.73,$140.85,$137.62
06/03/2021,$136.38,8191949,$137.4,$138.03,$135.09
06/02/2021,$139.01,6401194,$138.05,$140.36,$136.92
06/01/2021,$138.21,8839275,$139,$142.12,$137.26
05/28/2021,$138.13,7189587,$139.17,$139.46,$137.82
05/27/2021,$137.82,10623450,$135.936,$138.19,$135.84
05/26/2021,$136.9,10577910,$137.97,$138.97,$136.21
05/25/2021,$137.5,12721010,$136.45,$139.15,$135.94
05/24/2021,$134.58,11405610,$130.19,$135.63,$129.59
05/21/2021,$128.66,14252360,$129.85,$130.6899,$127.02
05/20/2021,$130.31,18239820,$126.811,$130.67,$125.24
05/19/2021,$124.8,10424170,$118.42,$125.08,$117.79
05/18/2021,$121.81,7536657,$125.34,$125.388,$121.69
05/17/2021,$123.57,9371447,$122,$123.62,$120.37
05/14/2021,$124.83,12422300,$121.89,$125.8,$120.26
05/13/2021,$119.92,14228040,$118.49,$121.47,$117.89
05/12/2021,$114.88,18648180,$119.33,$121.01,$114.39
05/11/2021,$123.55,15287780,$120,$124.34,$117.62
05/10/2021,$124.69,10471530,$131.915,$131.915,$124.51
05/07/2021,$132.95,7524772,$132.55,$134.095,$131.64
05/06/2021,$131.73,7270467,$129.64,$131.89,$127.76
05/05/2021,$130.29,7276634,$131.733,$132.52,$128.76
05/04/2021,$128.72,14199070,$129.99,$130.68,$125.32
05/03/2021,$132.85,7750181,$134.25,$135.61,$131.7
04/30/2021,$132.71,8691846,$132.002,$134.4,$131.4
04/29/2021,$135.39,6668375,$137.252,$137.6,$133.09
04/28/2021,$135.69,6172656,$136.64,$136.915,$134.57
04/27/2021,$136.78,5767364,$138.15,$138.25,$135.55
04/26/2021,$137.3,7927184,$134.83,$138.67,$134.2
04/23/2021,$134.86,8082300,$133.49,$135.17,$132.75
04/22/2021,$131.75,11483490,$134.769,$135.74,$130.45
04/21/2021,$135.05,12108820,$130.14,$135.16,$129
04/20/2021,$128.59,7583294,$129.383,$131.67,$128.31
04/19/2021,$130.89,12826370,$133.394,$135.28,$128.7
04/16/2021,$133.73,7686310,$133.5,$134.74,$133.01
04/15/2021,$134.41,8269392,$136,$136.14,$132.85
04/14/2021,$134.14,8134216,$134.67,$137.14,$133.24
04/13/2021,$135.1,8034306,$136.626,$136.99,$133.2
04/12/2021,$135,11147470,$137.82,$138.73,$134.515
04/09/2021,$138.91,9637207,$138.32,$140.18,$137.49
04/08/2021,$139.35,10238000,$140.61,$141.6828,$138.21
04/07/2021,$139.14,13702740,$140.25,$141.87,$136.82
04/06/2021,$139.54,18004750,$143.88,$145.3,$136.95
04/05/2021,$143.05,14377390,$145.5,$146,$141.74
04/01/2021,$141.52,15929210,$138.14,$142.36,$137.2009
03/31/2021,$133.6,18589550,$129.97,$135.5,$129
03/30/2021,$126.76,7970891,$124.89,$127.9,$123.858
03/29/2021,$125.71,10539570,$127.04,$127.83,$123.47
03/26/2021,$128.64,14036990,$119.67,$128.98,$119.1722
03/25/2021,$119.72,10381610,$118.76,$120.48,$116.22
03/24/2021,$121.1,20252470,$122.65,$125.8,$120.42
03/23/2021,$116.38,8263821,$119.9,$120.2,$115.56
03/22/2021,$119.33,11318720,$117.605,$121.48,$116.97
03/19/2021,$114.86,13044680,$114.51,$117.06,$112.14
03/18/2021,$114.28,9044761,$117.86,$118.78,$114.11
03/17/2021,$119.9,8342614,$116.19,$121.14,$114.9
03/16/2021,$118.5,10383010,$117.03,$121.2714,$116.92
03/15/2021,$114.88,7068801,$114.63,$115.43,$113.1
03/12/2021,$114.29,7426014,$114.55,$116.45,$113.33
03/11/2021,$117.19,7715517,$117.26,$117.85,$115.64
03/10/2021,$112.68,8820310,$115.8,$116.5,$112.58
03/09/2021,$114.22,12040810,$110.26,$114.95,$109.41
03/08/2021,$105.68,12091540,$112.8,$114.12,$105.5
03/05/2021,$113.45,9962705,$111.59,$114.34,$105.65
03/04/2021,$108.24,12433370,$115.338,$116.49,$107.13
03/03/2021,$115.44,7257143,$118.28,$119.85,$115.1
03/02/2021,$117.5,6505039,$121.84,$121.91,$117.235
03/01/2021,$122.25,7008040,$121.18,$122.48,$119.46
02/26/2021,$118.19,11626510,$116.53,$120.25,$113.44
02/25/2021,$113.93,11352790,$121.17,$121.22,$113.6
02/24/2021,$122.81,10098080,$115.05,$123.02,$114.42
02/23/2021,$116.14,9387863,$112.86,$117.8,$110.69
02/22/2021,$115.23,7850553,$117.97,$119.8699,$114.62
02/19/2021,$119.46,21054140,$121.61,$124.5,$118.9
02/18/2021,$113.43,8239621,$114,$115.63,$112.44
02/17/2021,$115.71,7237096,$116.46,$117.06,$112.09
02/16/2021,$118.35,9260050,$118.51,$121.132,$117.69
02/12/2021,$116.7,8157465,$113,$117.82,$111.69
02/11/2021,$113,12147080,$107.434,$114.3,$107.29
02/10/2021,$105.88,5001713,$106.94,$108.2,$105.03
02/09/2021,$105.38,5769176,$106.2067,$107.36,$104.7805
02/08/2021,$106.19,6621431,$101.85,$106.25,$101.76
02/05/2021,$100.71,6349259,$104.855,$105.2,$100.69
02/04/2021,$103.24,6356334,$100.21,$103.73,$100.21
02/03/2021,$99.87,5399162,$104.32,$104.41,$99.82
02/02/2021,$103.59,5108557,$102.99,$103.94,$101.77
02/01/2021,$101.21,9083609,$99.246,$102.15,$97.68
01/29/2021,$96.68,7943425,$100.23,$100.46,$96.07
01/28/2021,$101.15,7432989,$101.19,$103.35,$99.97
01/27/2021,$98.58,9782747,$102.1,$104.06,$98.08
01/26/2021,$105.53,6029762,$108.85,$108.895,$105.27
01/25/2021,$108.12,8437795,$107.51,$110.1,$107
01/22/2021,$106.33,6207648,$108.0532,$109.7536,$106.25
01/21/2021,$107.97,7273779,$109.11,$109.28,$106.27
01/20/2021,$107.84,9925975,$110.11,$110.875,$105.16
01/19/2021,$109.22,9362201,$105.1,$109.58,$104.39
01/15/2021,$103.14,8981236,$105.16,$105.42,$101.15
01/14/2021,$105.8,11662980,$102.83,$106.6,$102.7
01/13/2021,$98.05,5309991,$100.49,$100.49,$97.96
01/12/2021,$100.01,7186079,$98.53,$100.87,$98.2
01/11/2021,$97.96,8359081,$94.62,$98.3,$94.18
01/08/2021,$95.56,9059720,$96.29,$97.8,$94.8799
01/07/2021,$94.56,8784052,$92.1265,$95.0599,$91.99
01/06/2021,$90.83,9817978,$88.29,$91.9,$88.28
01/05/2021,$89.6,6987214,$86.4,$89.62,$86.4
01/04/2021,$86.87,8449949,$87.24,$89.3,$86.15
12/31/2020,$86.3,5716036,$86.99,$87.06,$85.17
12/30/2020,$86.98,6294301,$85.38,$87.57,$85.16
12/29/2020,$84.27,4518003,$85.02,$85.1197,$83.53
12/28/2020,$84.87,3018471,$86.367,$86.74,$84.56
12/24/2020,$85.33,1409156,$84.74,$85.39,$84.2
12/23/2020,$84.03,4586080,$86.3,$86.5,$83.96
12/22/2020,$85.64,3901444,$86.55,$86.61,$85.54
12/21/2020,$86.41,5226564,$84.385,$86.53,$83.8
12/18/2020,$86.09,14603140,$87.66,$88.15,$85.3366
12/17/2020,$87.5,5559640,$89.125,$89.24,$87.13
12/16/2020,$88.55,5808136,$88.31,$89.25,$87.29
12/15/2020,$88.47,6180768,$89.9,$90.605,$87.95
12/14/2020,$88.5,6425496,$88.499,$90.52,$88.32
12/11/2020,$88.3,5776367,$87.05,$88.59,$86.59
12/10/2020,$87.89,5731157,$87,$88.61,$86.46
12/09/2020,$87.82,7017779,$89.565,$90.1,$87.18
12/08/2020,$89.75,4702966,$89.23,$90.26,$89.04
12/07/2020,$89.14,5524095,$89.27,$89.46,$87.8225
12/04/2020,$88.84,6876859,$86.92,$88.92,$86.65
12/03/2020,$86.1,4824985,$85.74,$87.03,$85.685
12/02/2020,$85.29,5272794,$83.69,$85.59,$83.61
12/01/2020,$84.27,7044074,$83.05,$84.62,$82.88
11/30/2020,$82.48,7543095,$82,$82.59,$80.7075
11/27/2020,$82.66,3098229,$81.81,$83.53,$81.68
11/25/2020,$81.14,5518508,$82.895,$83.02,$81.07
11/24/2020,$82.95,9542024,$81,$83.14,$79.82
11/23/2020,$80.5,8809829,$76.9718,$80.58,$76.9718
11/20/2020,$76.725,7609745,$77.2,$78.57,$76.68
11/19/2020,$77.25,8990081,$75.26,$77.51,$74.51
11/18/2020,$75.71,10667680,$74.69,$76.67,$74.59
11/17/2020,$74.37,5460128,$73.76,$74.57,$73.06
11/16/2020,$74.48,8104390,$72.97,$74.53,$72.58
11/13/2020,$72.81,10182300,$72.27,$73.94,$71.505
11/12/2020,$69.8,8555129,$70.86,$71.15,$69.43
11/11/2020,$71.16,8071944,$70.2032,$71.7,$69.8849
11/10/2020,$69.39,8206498,$70.95,$71.49,$69.1
11/09/2020,$71.3,10154560,$73.2,$75.93,$71.26
11/06/2020,$70.53,8639662,$68.9,$70.86,$68.35
11/05/2020,$69.95,13118070,$66,$70.06,$65.91
11/04/2020,$64.86,9808323,$63.44,$65.19,$62.13
11/03/2020,$61.83,9967589,$60.99,$62.44,$60.99
11/02/2020,$60.33,7475407,$59.95,$60.475,$59.53
10/30/2020,$59.23,7338657,$58.74,$59.28,$58.26
10/29/2020,$59.5,6314380,$57.23,$60.23,$56.95
10/28/2020,$57.32,8976958,$57.78,$58.22,$56.87
10/27/2020,$58.83,4626324,$59.78,$59.99,$58.77
10/26/2020,$59.51,6715421,$60.325,$60.5,$58.65
10/23/2020,$60.95,6520098,$61.7,$62.17,$60.66
10/22/2020,$61.7,6014586,$61.73,$62.15,$60.86
10/21/2020,$62.11,6188889,$62.4,$62.86,$61.91
10/20/2020,$62.26,4479873,$62.67,$63.01,$62.02
10/19/2020,$62.05,5757543,$63.17,$63.62,$61.8141
10/16/2020,$63,6841070,$63.76,$63.93,$62.405
10/15/2020,$63.51,6397398,$62.4,$63.685,$62.02
10/14/2020,$63.98,5824029,$64.9,$65.18,$63.43
10/13/2020,$64.69,7189885,$65.24,$65.42,$64.155
10/12/2020,$64.68,7021872,$64.06,$65.12,$63.98
10/09/2020,$63.29,6367103,$63.29,$63.81,$63.06
10/08/2020,$62.6,5411867,$61.7,$62.697,$61.37
10/07/2020,$61.12,5335383,$61.5,$61.79,$60.915
10/06/2020,$60.4,6947868,$60.33,$62.16,$60.17
10/05/2020,$60.6,6694647,$58.93,$60.63,$58.76
10/02/2020,$58.21,7103905,$59.09,$59.66,$58.19
10/01/2020,$60.65,7542796,$60.37,$61.02,$59.51
09/30/2020,$59.45,9074380,$59.43,$60.183,$58.99
09/29/2020,$59.65,5427837,$59.381,$60.25,$59.15
09/28/2020,$59.36,8615960,$58.28,$59.85,$58.25
09/25/2020,$58.23,6542598,$57.49,$58.38,$56.65
09/24/2020,$57.79,6318534,$56.94,$58.82,$56.76
09/23/2020,$57.25,8831791,$58.1,$58.88,$57.01
09/22/2020,$57.89,7629281,$57.96,$58.11,$56.71
09/21/2020,$57.32,8494306,$55.21,$57.36,$54.15
09/18/2020,$56.15,11913000,$56.79,$56.8,$55.195
09/17/2020,$56.34,7098656,$54.82,$56.63,$54.69
09/16/2020,$56.47,8340864,$57.49,$58.195,$56.38
09/15/2020,$57.2,7209788,$57.23,$57.88,$56.48
09/14/2020,$56.46,8495715,$56.23,$57.115,$56.12
09/11/2020,$55,9203264,$55.61,$56.31,$54.675
09/10/2020,$55.12,10670520,$55.6,$56.25,$54.94
09/09/2020,$55.2,16267600,$56.61,$56.98,$54.51
09/08/2020,$55.63,20934770,$57.07,$57.79,$55.32
09/04/2020,$60.96,14688160,$61.21,$61.83,$58.5498
09/03/2020,$61.46,11012980,$64.19,$64.37,$61.05
09/02/2020,$65.08,10802480,$62.49,$65.3,$62.37
09/01/2020,$61.89,7922675,$61.98,$62.1,$61.23
08/31/2020,$61.6,6454221,$62.44,$62.61,$61.4184
08/28/2020,$63.07,5206045,$62.06,$63.1,$61.97
08/27/2020,$62.03,8917799,$64.29,$64.29,$61.29
08/26/2020,$63.76,5965129,$64.05,$64.26,$63.49
08/25/2020,$64.05,5157230,$64.11,$64.65,$63.43
08/24/2020,$63.74,8366548,$63.36,$63.8,$62.68
08/21/2020,$62.27,11150610,$63.1,$63.28,$61.92
08/20/2020,$63.79,8307751,$64.71,$64.82,$63.28
08/19/2020,$65.87,4979510,$66.57,$66.73,$65.69
08/18/2020,$66.43,6166721,$67.39,$67.39,$66.07
08/17/2020,$66.94,6883006,$68.1,$68.23,$66.77
08/14/2020,$67.62,23421920,$67.39,$69.9,$66.5
08/13/2020,$65.07,10684350,$66.36,$66.6,$64.61
08/12/2020,$66.5,6177867,$64.99,$66.67,$64.7
08/11/2020,$64.46,7608649,$65.32,$66.12,$64.23
08/10/2020,$65.24,7386983,$63.65,$65.28,$63.62
08/07/2020,$63.57,7124232,$63.69,$65.01,$62.78
08/06/2020,$63.61,7395898,$63.87,$64.17,$62.6
08/05/2020,$64.87,4574091,$64.873,$65.25,$64.42
08/04/2020,$64.85,5190185,$65,$65.2,$64.18
08/03/2020,$65.01,5540739,$64.79,$65.59,$64.68
07/31/2020,$64.33,5901236,$64.79,$64.79,$63.12
07/30/2020,$64.42,5525019,$63.23,$64.43,$62.987
07/29/2020,$63.25,4621405,$62.67,$63.66,$62.17
07/28/2020,$62.3,4565741,$62.53,$62.95,$61.9
07/27/2020,$63.01,7194708,$61.63,$63.065,$61.11
07/24/2020,$60.62,11040980,$60.37,$61.35,$59.62
07/23/2020,$63.63,5351832,$64.33,$65.33,$63.2
07/22/2020,$64.22,5027849,$63.58,$64.61,$63.52
07/21/2020,$63.81,5836686,$64.12,$64.84,$63.26
07/20/2020,$63.73,5017027,$62.61,$63.9,$61.88
07/17/2020,$62.3,4585216,$62.85,$62.85,$61.95
07/16/2020,$62.34,3934305,$61.61,$62.62,$61.5
07/15/2020,$62.1,5226458,$62.75,$62.84,$61.3
07/14/2020,$62.54,6297457,$60.8,$62.63,$60.07
07/13/2020,$61.51,6178740,$63.01,$63.78,$61.41
07/10/2020,$62.59,5899163,$63.28,$63.49,$62.045
07/09/2020,$63.49,6155929,$63.08,$63.7,$62.24
07/08/2020,$62.77,4045675,$62.9,$63.1756,$62.02
07/07/2020,$62.18,5078196,$63.38,$63.83,$62.03
07/06/2020,$63.46,7776863,$62.39,$63.705,$62.29
07/02/2020,$61,5596111,$60.5,$61.645,$60.34
07/01/2020,$59.68,5305213,$60.425,$60.78,$59.54
06/30/2020,$60.45,6067595,$59.12,$60.94,$59.069
06/29/2020,$59.06,5035850,$58.44,$59.07,$57.56
06/26/2020,$58.38,12786510,$59.57,$60.14,$58.01
06/25/2020,$59.98,6298882,$59.6,$60.07,$58.606
06/24/2020,$59.97,7937250,$60.33,$60.89,$59.15
06/23/2020,$60.84,7264936,$61.93,$61.98,$60.44
06/22/2020,$61.27,5379935,$60.52,$61.3864,$59.58
06/19/2020,$60.95,10086930,$61.4,$62.33,$60.41
06/18/2020,$60.38,5673980,$59.57,$60.72,$59.57
06/17/2020,$60,8338041,$58.73,$60.43,$58.54
06/16/2020,$58.54,9719139,$58.96,$60.1304,$57.9
06/15/2020,$57.05,7222230,$54.92,$57.231,$54.52
06/12/2020,$56.55,8534153,$57.51,$58.01,$54.97
06/11/2020,$55.41,9386832,$58.26,$58.59,$55.35
06/10/2020,$59.86,5319825,$60.2,$60.57,$59.46
06/09/2020,$59.79,6184250,$59.02,$60.26,$58.93
06/08/2020,$59.9,5528660,$59.93,$60.47,$59.09
06/05/2020,$60.19,8349728,$59.71,$61.11,$59.62
06/04/2020,$58.13,7456860,$57.16,$59.2,$57.1
06/03/2020,$57.81,8026744,$56.69,$58.25,$56.41
06/02/2020,$55.79,6998693,$56,$56.22,$54.75
06/01/2020,$55.685,5377115,$55.63,$56.465,$55.19
05/29/2020,$56.18,10820230,$55,$56.375,$54.46
05/28/2020,$54.67,7239260,$56.12,$56.68,$54.35
05/27/2020,$56.4,9071585,$55.591,$56.44,$53.315
05/26/2020,$55.14,7757569,$56.31,$56.71,$54.96
05/22/2020,$54.39,7121020,$55.02,$55.17,$53.72
05/21/2020,$55.02,7467173,$56.84,$56.92,$54.845
05/20/2020,$56.88,9824053,$56.5,$58.16,$56.32
05/19/2020,$55.47,10535650,$54.5,$56.995,$54.03
05/18/2020,$54.36,11300620,$53.53,$54.65,$52.41
05/15/2020,$52.04,20755930,$53.16,$53.47,$51.17
05/14/2020,$54.43,15838960,$50.75,$54.65,$49.66
05/13/2020,$51.49,8696554,$52.5,$52.86,$50.4
05/12/2020,$52.33,7479010,$54.4,$54.59,$52.31
05/11/2020,$54.01,8211460,$54.127,$54.405,$53.37
05/08/2020,$53.81,8089548,$52.41,$53.89,$52.24
05/07/2020,$51.25,6645646,$51.46,$51.8,$50.91
05/06/2020,$50.5,8594562,$49.99,$51.16,$49.54
05/05/2020,$48.85,8220563,$48.826,$50.75,$48.53
05/04/2020,$47.58,7798029,$46.56,$47.64,$46.22
05/01/2020,$46.89,13583130,$48.08,$48.36,$46.37
04/30/2020,$49.68,14456990,$53.45,$53.88,$49.64
04/29/2020,$54.34,8946250,$51.83,$54.645,$51.42
04/28/2020,$50.42,7759524,$51.91,$52.12,$50.26
04/27/2020,$51.03,6587434,$52.5,$52.72,$50.65
04/24/2020,$51.74,7665048,$51.22,$51.88,$49.935
04/23/2020,$50.9,9048275,$51.75,$52.22,$50.59
04/22/2020,$52.11,7790213,$50.1,$52.43,$49.8068
04/21/2020,$48.33,9359637,$49.9,$50.05,$48.21
04/20/2020,$50.63,7041189,$52.1,$52.49,$50.61
04/17/2020,$53.2,9367590,$53.635,$53.9,$52.27
04/16/2020,$52.23,8878072,$51.87,$52.57,$50.8
04/15/2020,$50.37,7206676,$51.31,$51.31,$49.745
04/14/2020,$52.47,8025517,$51.41,$52.84,$51.08
04/13/2020,$49.88,5750047,$49.3,$49.97,$48.37
04/09/2020,$49.59,11659100,$52,$52.74,$48.68
04/08/2020,$51.46,14428960,$48.63,$51.615,$48.515
04/07/2020,$47.56,11962590,$48,$48.97,$46.3
04/06/2020,$46.15,12046450,$44.84,$46.45,$44.64
04/03/2020,$42.28,9488550,$43.46,$43.62,$41.58
04/02/2020,$43.24,8764565,$42.5,$44.46,$42.13
04/01/2020,$43.3,10665910,$43.83,$46.18,$42.83
03/31/2020,$45.82,11068720,$47.17,$47.28,$45.15
03/30/2020,$47.3,7839167,$45.4,$47.51,$45.33
03/27/2020,$45.05,10624180,$47.7,$48.13,$44.84
03/26/2020,$49.2,11869400,$46.23,$49.39,$45.34
03/25/2020,$44.73,11550730,$44.93,$48.22,$43.7668
03/24/2020,$45.14,16338450,$44.24,$46.24,$43.03
03/23/2020,$40.17,15138430,$38.64,$41.54,$37.92
03/20/2020,$37.99,13967140,$41.49,$43.26,$37.8
03/19/2020,$40.19,13066570,$38.68,$42.07,$36.858
03/18/2020,$39.18,18870020,$40.57,$41.76,$36.64
03/17/2020,$44.86,16361230,$41.76,$46.07,$39.77
03/16/2020,$40.53,13762990,$44.05,$46.7,$40.41
03/13/2020,$50.89,15539270,$48.67,$51.23,$45.35
03/12/2020,$45.11,18043720,$48.775,$50.36,$45.1
03/11/2020,$52.49,12977850,$54.28,$54.99,$51.41
03/10/2020,$56.17,10107410,$54.4,$56.17,$52.565
03/09/2020,$52.07,10305890,$52.81,$55.33,$52
03/06/2020,$57.79,8958735,$57,$58.48,$56.25
03/05/2020,$59.13,9842549,$58.56,$60.44,$58.26
03/04/2020,$60.52,7925764,$59.44,$60.65,$58.27
03/03/2020,$58.04,14036620,$59.97,$61.38,$57.56
03/02/2020,$60.16,10795210,$58.7,$60.19,$57
02/28/2020,$58.12,14945270,$54.19,$58.18,$54.08
02/27/2020,$57,15746190,$57.2,$58.5,$56.4
02/26/2020,$59.81,10855350,$59.58,$60.76,$59.31
02/25/2020,$58.86,9942547,$61.92,$62.28,$58.48
02/24/2020,$61.08,11223690,$61.13,$61.85,$60.4
02/21/2020,$64.27,9660153,$65.91,$66.13,$63.625
02/20/2020,$66.4,7535934,$67,$67.35,$65.22
02/19/2020,$67.41,8502634,$66.5,$67.735,$66.27
02/18/2020,$65.16,10218490,$64.23,$66,$63.85
02/14/2020,$66.85,8103993,$67.46,$67.9,$66.55
02/13/2020,$67.37,21742730,$66.75,$69.44,$65.95
02/12/2020,$65.37,11592170,$64.93,$65.68,$64.62
02/11/2020,$64.45,6203824,$63.6,$64.7,$63.34
02/10/2020,$62.92,5121109,$61.08,$62.96,$61.08
02/07/2020,$61.71,6093168,$62.84,$62.98,$61.63
02/06/2020,$63.19,4870591,$64.02,$64.16,$63.05
02/05/2020,$63.8,8252083,$63.98,$64.445,$62.87
02/04/2020,$63.01,12322100,$61.41,$63.65,$61.1987
02/03/2020,$59.72,7850022,$58.68,$60.25,$58.66
01/31/2020,$57.99,10132160,$59.82,$59.85,$57.53
01/30/2020,$60.25,9656093,$61.54,$62.03,$59.42
01/29/2020,$59.82,6532570,$60.07,$60.66,$59.49
01/28/2020,$60.19,6228135,$59.76,$60.35,$58.92
01/27/2020,$59.05,9350583,$59.95,$60.45,$58.82
01/24/2020,$62,8007737,$64.8,$64.93,$61.61
01/23/2020,$63.89,6540695,$64.13,$64.26,$63.13
01/22/2020,$63.89,5598714,$63.7,$64.6,$63.62
01/21/2020,$63.2,5777443,$62.74,$63.89,$62.65
01/17/2020,$62.85,6327829,$63.79,$63.81,$62.525
01/16/2020,$63.21,5733795,$62.59,$63.23,$62.47
01/15/2020,$61.93,6314386,$62.3,$62.365,$61.35
01/14/2020,$62.35,8003042,$62.09,$63.545,$62.08
01/13/2020,$61.81,4112445,$61.48,$61.95,$61.34
01/10/2020,$61.47,4456534,$62.53,$62.714,$61.2
01/09/2020,$61.97,5713547,$62.2,$62.85,$61.21
01/08/2020,$61.58,4364451,$61.7,$62.2,$61.25
01/07/2020,$61.62,8002207,$60.27,$62.1,$60.14
01/06/2020,$59.89,8588868,$59.85,$60.4568,$59.3
01/03/2020,$61.21,5416193,$60.69,$61.73,$60.56
01/02/2020,$62.2,6289207,$62,$62.65,$61.7
12/31/2019,$61.04,3878974,$60.68,$61.08,$60.1
12/30/2019,$60.93,3566742,$61.35,$61.38,$60.19
12/27/2019,$61.17,3315350,$61.59,$61.68,$60.83
12/26/2019,$61.31,2960848,$61.61,$61.6815,$61.04
12/24/2019,$61.5,1624148,$61.37,$61.52,$60.94
12/23/2019,$61.08,5842104,$61.95,$62,$61.03
12/20/2019,$61.81,15663080,$61.21,$61.98,$60.7
12/19/2019,$60.67,6764975,$60.57,$60.7,$59.88
12/18/2019,$60.38,6529503,$60.82,$61.41,$60.37
12/17/2019,$60.79,7848028,$60.45,$60.895,$60.23
12/16/2019,$59.96,6430827,$61,$61.43,$59.93
12/13/2019,$59.87,6172672,$60.01,$60.81,$59.78
12/12/2019,$60.36,9285907,$59.02,$60.475,$59.01
12/11/2019,$59.04,8840937,$56.82,$59.13,$56.7
12/10/2019,$56.62,6330163,$57.17,$57.17,$56.46
12/09/2019,$56.6,4750359,$57.12,$57.23,$56.55
12/06/2019,$56.6,6033535,$56.75,$57.4884,$56.48
12/05/2019,$55.84,5292329,$56.33,$56.53,$55.65
12/04/2019,$56.09,6564594,$56.41,$56.54,$55.59
12/03/2019,$55.34,7762747,$55.18,$55.91,$54.95
12/02/2019,$56.7,6161355,$58.14,$58.14,$56.48
11/29/2019,$57.9,2905829,$58.09,$58.295,$57.72
11/27/2019,$58.29,5703005,$57.89,$58.39,$57.74
11/26/2019,$57.57,10256640,$58.27,$58.418,$57.075
11/25/2019,$58.28,11194840,$56.62,$58.42,$56.56
11/22/2019,$55.94,8627714,$56.56,$57.1399,$55.435
11/21/2019,$56.44,13935310,$56.64,$58.45,$55.65
11/20/2019,$59.65,12045740,$60.03,$60.43,$59.085
11/19/2019,$60.94,9887589,$62.29,$62.67,$60.845
11/18/2019,$62.35,10413290,$61.89,$63.07,$61.36
11/15/2019,$62.06,28391530,$60.325,$62.9208,$60.22
11/14/2019,$56.96,8305853,$57.14,$57.2,$56.505
11/13/2019,$57.12,5712885,$56.11,$57.385,$56.01
11/12/2019,$56.42,5118063,$57,$57.25,$56.2
11/11/2019,$56.59,5651305,$55.77,$56.73,$55.55
11/08/2019,$56.03,3313903,$55.7,$56.135,$55.13
11/07/2019,$55.94,4487535,$56.31,$56.49,$55.625
11/06/2019,$55.82,3965867,$55.6,$55.88,$54.91
11/05/2019,$55.88,3857879,$56.09,$56.285,$55.57
11/04/2019,$55.74,4152542,$56.02,$56.4,$55.34
11/01/2019,$55.46,5899037,$54.93,$55.47,$54.41
10/31/2019,$54.26,6741838,$55.19,$55.19,$53.56
10/30/2019,$55.21,4247462,$55.33,$55.44,$54.67
10/29/2019,$55.52,6354593,$56.68,$57.09,$55.4
10/28/2019,$56.95,8755202,$56.03,$57.29,$56
10/25/2019,$55.72,8568345,$54.9,$55.84,$54.53
10/24/2019,$55.07,18723030,$52.94,$55.12,$52.75
10/23/2019,$50.53,8608126,$51.29,$51.45,$50.24
10/22/2019,$51.98,4484021,$52.65,$52.71,$51.94
10/21/2019,$52.64,5973262,$52.19,$52.705,$51.99
10/18/2019,$51.68,6419103,$52.22,$52.41,$51.04
10/17/2019,$52.14,5159955,$52.46,$53.25,$51.84
10/16/2019,$51.56,8456280,$51.88,$52.8,$51.35
10/15/2019,$52.91,8063938,$52.07,$53.14,$51.875
10/14/2019,$51.935,3429704,$51.81,$52.125,$51.79
10/11/2019,$51.75,6823720,$52.16,$52.39,$51.71
10/10/2019,$51.01,5368631,$50.67,$51.6,$50.64
10/09/2019,$50.84,6362242,$50.12,$51.17,$50
10/08/2019,$49.31,5722592,$50.15,$50.28,$49.075
10/07/2019,$50.65,5482744,$50.82,$51.11,$50.58
10/04/2019,$50.88,4620605,$50.01,$50.9,$49.89
10/03/2019,$49.64,7082515,$49.42,$49.765,$48.78
10/02/2019,$49.46,6563804,$49.37,$49.88,$49.21
10/01/2019,$50.02,7746018,$50.41,$51,$49.775
09/30/2019,$49.9,6780365,$49.75,$50.22,$49.26
09/27/2019,$49.43,11206260,$51.12,$51.46,$49.15
09/26/2019,$52.15,4912909,$52.17,$52.46,$51.81
09/25/2019,$51.93,5488284,$50.65,$52.12,$50.5
09/24/2019,$51.16,7090554,$52.02,$52.58,$50.87
09/23/2019,$51.76,5474049,$50.85,$51.97,$50.8
09/20/2019,$50.96,11651470,$51.9,$52.02,$50.87
09/19/2019,$51.68,6048521,$52.49,$52.6168,$51.3716
09/18/2019,$52.09,7924463,$51.26,$52.1,$51.03
09/17/2019,$51.2,5478739,$50.55,$51.26,$50.4275
09/16/2019,$50.92,5164314,$50.725,$51.475,$50.28
09/13/2019,$51.35,6052724,$51.74,$51.98,$51.04
09/12/2019,$51.25,6251842,$51.65,$51.86,$51.04
09/11/2019,$51.56,8100369,$50.43,$51.57,$50.01
09/10/2019,$50.19,7304000,$50.38,$50.49,$49.62
09/09/2019,$50.66,6653765,$50.29,$50.795,$49.96
09/06/2019,$50.1,6913666,$50.47,$50.5,$49.8
09/05/2019,$50.35,10415880,$50.46,$51.73,$50.27
09/04/2019,$49.51,10227850,$48.57,$49.56,$48.4
09/03/2019,$47.61,7145753,$47.64,$47.77,$47.16
08/30/2019,$48.02,7820358,$47.55,$48.09,$47.3941
08/29/2019,$47.31,6786670,$46.66,$47.42,$46.63
08/28/2019,$45.9,4811489,$45.4,$46.04,$44.88
08/27/2019,$45.51,5926887,$46,$46.24,$45.11
08/26/2019,$45.61,5715187,$46,$46.17,$45.44
08/23/2019,$45.12,11616330,$46.51,$46.84,$44.815
08/22/2019,$47.03,4280682,$47.14,$47.28,$46.44
08/21/2019,$46.83,5198369,$47.2,$47.52,$46.73
08/20/2019,$46.73,7753815,$46.93,$47.14,$46.505
08/19/2019,$47.1,8861112,$47.6,$47.93,$46.8
08/16/2019,$46.63,17870790,$45.96,$46.99,$44.62
08/15/2019,$47.16,10962140,$47,$47.31,$46.5
08/14/2019,$46.71,7212301,$46.95,$47.245,$46.39
08/13/2019,$48.06,9162331,$46.43,$48.25,$46.07
08/12/2019,$46.46,7105235,$46.98,$47.09,$46.23
08/09/2019,$47.15,5293173,$47.54,$47.54,$46.56
08/08/2019,$47.86,6122892,$47.09,$47.95,$46.89
08/07/2019,$46.68,7591370,$46.04,$46.86,$45.75
08/06/2019,$46.33,7428271,$46.42,$46.97,$45.675
08/05/2019,$45.46,12069930,$46.2,$46.2,$44.97
08/02/2019,$47.55,8093891,$48,$48.4,$47.19
08/01/2019,$48.47,11076760,$49.44,$51.05,$47.91
07/31/2019,$49.37,8334837,$50.53,$50.59,$48.6862
07/30/2019,$50.73,4666303,$50.06,$51.0458,$49.91
07/29/2019,$50.67,4485653,$50.46,$50.77,$50.06
07/26/2019,$50.74,5737709,$50.89,$51.1,$50.46
07/25/2019,$50.82,8300988,$51.72,$51.79,$50.67
07/24/2019,$52.14,11289790,$50.99,$52.42,$50.76
07/23/2019,$51.03,10063930,$50.64,$51.32,$50.12
07/22/2019,$50.73,21606450,$49.32,$50.8,$49.21
07/19/2019,$47.81,9415245,$48.31,$48.49,$47.66
07/18/2019,$48.17,14577890,$46.47,$48.64,$46.38
07/17/2019,$46.22,8459934,$46.26,$46.47,$45.62
07/16/2019,$46.01,6671096,$46,$46.23,$45.5
07/15/2019,$46.28,6723387,$46.85,$47.43,$45.92
07/12/2019,$46.51,9030857,$45.36,$46.545,$45.36
07/11/2019,$45.28,8128518,$45.07,$45.37,$44.37
07/10/2019,$44.72,7184698,$44.5,$45.43,$44.445
07/09/2019,$43.97,12432620,$43.23,$44.06,$42.88
07/08/2019,$43.45,9733012,$43.16,$43.75,$43.06
07/05/2019,$43.98,6618191,$44.24,$44.42,$43.56
07/03/2019,$44.67,5559091,$44.52,$44.775,$44.36
07/02/2019,$44.66,13869040,$45.11,$45.22,$44.12
07/01/2019,$45.68,11475930,$46.63,$47.55,$45.22
06/28/2019,$44.91,15599720,$45.13,$45.39,$44.675
06/27/2019,$44.69,8894448,$43.89,$44.87,$43.79
06/26/2019,$43.58,10023940,$43,$43.8,$42.93
06/25/2019,$41.98,9637916,$42.25,$42.7,$41.9
06/24/2019,$42.33,10997070,$42.91,$42.93,$42.24
06/21/2019,$42.96,12096430,$42.9,$43.2,$42.61
06/20/2019,$43.21,8633349,$43.74,$43.99,$43
06/19/2019,$42.53,9333080,$42.69,$42.8387,$42.24
06/18/2019,$42.31,11291800,$40.93,$42.6,$40.84
06/17/2019,$40.5,12453320,$41.11,$41.2,$40.2441
06/14/2019,$41.23,7695082,$40.96,$41.49,$40.56
06/13/2019,$41.65,6979452,$41.61,$42.02,$41.15
06/12/2019,$41.5,10059790,$42.64,$42.69,$41.36
06/11/2019,$43.75,10536530,$43.91,$44.55,$43.635
06/10/2019,$43.14,9651670,$42,$43.545,$41.79
06/07/2019,$41.51,6391263,$41.6,$41.8755,$41.08
06/06/2019,$41.38,8101730,$40.54,$41.49,$40.49
06/05/2019,$40.59,10143490,$40.8,$41.17,$40.16
06/04/2019,$40.42,14138930,$39.52,$40.645,$39.275
06/03/2019,$38.78,7795295,$38.97,$39.66,$38.54
05/31/2019,$38.69,8394926,$39.2,$39.5,$38.68
05/30/2019,$39.75,7491657,$39.45,$40.4,$39.29
05/29/2019,$39.37,10137130,$38.72,$39.55,$38.4
05/28/2019,$39.01,10715580,$39.81,$40.0313,$39
05/24/2019,$39.5,8541760,$40.27,$40.395,$39.45
05/23/2019,$39.94,8459814,$39.65,$40.08,$39.15
05/22/2019,$40.49,5897455,$40.75,$40.88,$40.15
05/21/2019,$41.27,8949861,$41.18,$41.36,$40.82
05/20/2019,$40.35,21371760,$41.8,$42.76,$40.2247
05/17/2019,$42.7,20218160,$43.35,$44.36,$42.565
05/16/2019,$41.66,11932490,$41.3,$42.19,$40.96
05/15/2019,$41.5,12050980,$40.41,$41.86,$40.11
05/14/2019,$40.01,8370277,$39.53,$40.39,$39.4
05/13/2019,$39.09,10725060,$39.26,$39.64,$38.67
05/10/2019,$40.8,9025471,$40.82,$41.19,$39.7899
05/09/2019,$40.94,11580610,$40.77,$41.19,$39.846
05/08/2019,$41.58,7709165,$41.7,$42.2,$41.26
05/07/2019,$42.05,9898321,$42.26,$42.42,$41.2
05/06/2019,$43.11,11824250,$42.41,$43.15,$41.79
05/03/2019,$43.96,7375613,$44.03,$44.1484,$43.61
05/02/2019,$43.7,12709050,$43.18,$44.25,$42.86
05/01/2019,$43.38,9388108,$44.04,$44.67,$43.38
04/30/2019,$44.07,10314280,$44.15,$44.58,$43.72
04/29/2019,$44.24,5267342,$44.57,$44.91,$44.2
04/26/2019,$44.66,7203830,$43.6,$44.71,$43.33
04/25/2019,$44.45,9000881,$45.16,$45.75,$44.3
04/24/2019,$44.46,10591430,$43.91,$45.64,$43.88
04/23/2019,$43.83,6559582,$43.8,$43.99,$43.4
04/22/2019,$43.79,4649190,$43.86,$43.98,$43.27
04/18/2019,$43.95,6120249,$44.01,$44.27,$43.79
04/17/2019,$43.89,8111547,$44.35,$44.53,$43.57
04/16/2019,$43.72,9880721,$43.1,$44.15,$43.05
04/15/2019,$42.71,5738399,$42.75,$43.13,$42.33
04/12/2019,$42.99,4777131,$43,$43.36,$42.77
04/11/2019,$42.47,6574191,$42.43,$42.94,$42.285
04/10/2019,$42.17,5442386,$41.91,$42.335,$41.7285
04/09/2019,$42.01,7400694,$42.55,$42.5965,$41.66
04/08/2019,$42.92,6309296,$42.93,$43.01,$42.11
04/05/2019,$43.04,8502395,$43,$43.39,$42.69
04/04/2019,$42.62,8253752,$42.07,$42.83,$42.02
04/03/2019,$42.43,13062010,$41.66,$43.01,$41.62
04/02/2019,$40.99,8685007,$41,$41.215,$40.61
04/01/2019,$41.13,11436450,$40.3,$41.17,$40.21
03/29/2019,$39.66,9220650,$39.06,$39.845,$39
03/28/2019,$38.51,8294825,$38.92,$39.195,$38.24
03/27/2019,$38.93,7736623,$39.67,$39.91,$38.57
03/26/2019,$39.63,8075180,$39.83,$40.4769,$39.19
03/25/2019,$39.4,6702897,$39.69,$40.13,$39.065
03/22/2019,$39.86,9462489,$41.04,$41.21,$39.81
03/21/2019,$41.33,12914510,$39.79,$41.99,$39.78
03/20/2019,$39.57,7768964,$40.38,$40.62,$39.36
03/19/2019,$40.37,7112774,$40.2,$40.74,$40.175
03/18/2019,$40,7668387,$40.41,$40.71,$39.91
03/15/2019,$40.39,23020620,$39.35,$41.03,$39.3
03/14/2019,$38.93,9490853,$38.7,$39.825,$38.7
03/13/2019,$38.6,6390650,$38.94,$39.1,$38.555
03/12/2019,$38.71,6267337,$38.7,$39.03,$38.32
03/11/2019,$38.51,7198513,$37.95,$38.89,$37.81
03/08/2019,$37.74,8172171,$36.835,$37.84,$36.8
03/07/2019,$37.57,9826620,$37.95,$37.95,$37.05
03/06/2019,$38.07,11728300,$38.88,$38.94,$37.66
03/05/2019,$38.93,12319610,$39.18,$39.25,$38.76
03/04/2019,$39.08,19993970,$38.97,$40.18,$38.41
03/01/2019,$38.56,7829397,$38.66,$38.94,$38.06
02/28/2019,$38.34,9705736,$38.48,$38.61,$37.92
02/27/2019,$38.78,14037440,$39.3,$39.3199,$38.3
02/26/2019,$39.58,6090601,$39.53,$39.87,$39.4827
02/25/2019,$39.66,7580976,$39.92,$40.08,$39.62
02/22/2019,$39.43,8149280,$38.89,$39.44,$38.8
02/21/2019,$38.83,7148359,$39,$39.26,$38.5334
02/20/2019,$39,9573519,$39.15,$39.36,$38.88
02/19/2019,$39.3,12340020,$39,$39.71,$39
02/15/2019,$39.1,22394400,$40,$40.2,$38.59
02/14/2019,$40.71,13899690,$40.7,$41.22,$40.51
02/13/2019,$40.85,10116840,$40.96,$41.235,$40.7199
02/12/2019,$40.69,8909607,$40.38,$40.8895,$40.28
02/11/2019,$39.9,9966280,$39.97,$40.19,$39.33
02/08/2019,$39.78,9890272,$39.3,$39.8,$38.73
02/07/2019,$39.92,13395470,$39.73,$40.325,$39.56
02/06/2019,$40.28,20929130,$39.29,$40.71,$39.2
02/05/2019,$39.12,13179110,$38.88,$39.29,$38.6
02/04/2019,$38.9,12446580,$39.16,$39.31,$38.45
02/01/2019,$39.31,11084240,$39.08,$39.97,$39.08
01/31/2019,$39.08,11579110,$39.28,$39.75,$38.72
01/30/2019,$39.6,12481350,$38.61,$40,$38.49
01/29/2019,$38.2,8700140,$39.27,$39.35,$37.84
01/28/2019,$38.7,12364500,$37.62,$38.95,$37.52
01/25/2019,$39.19,17551450,$38.53,$39.48,$38.31
01/24/2019,$37.82,21501640,$36.18,$37.915,$36.01
01/23/2019,$34.31,9553970,$34.71,$34.94,$33.705
01/22/2019,$34.44,10045160,$35.32,$35.37,$34.12
01/18/2019,$35.71,11292770,$34.96,$36.32,$34.63
01/17/2019,$34.54,9803392,$33.5,$34.71,$33.25
01/16/2019,$33.64,6749648,$33.92,$34.27,$33.56
01/15/2019,$33.75,6553200,$34.09,$34.325,$33.4
01/14/2019,$33.86,9492122,$34.19,$34.3,$33.41
01/11/2019,$34.78,6449545,$34.42,$35.315,$34.19
01/10/2019,$34.76,7570270,$34.08,$34.82,$33.89
01/09/2019,$34.3,11451310,$33.32,$34.84,$33.29
01/08/2019,$32.91,12399460,$34.7199,$34.7199,$32.67
01/07/2019,$34.3,13670110,$33.8,$34.7965,$33.635
01/04/2019,$33.7,15430670,$32.26,$33.85,$32.21
01/03/2019,$31.54,21293290,$32.73,$33.25,$31.48
01/02/2019,$33.48,11022750,$32.04,$33.79,$32.0025
12/31/2018,$32.74,9553890,$32.71,$33,$32.2
12/28/2018,$32.38,12759700,$31.66,$33.06,$31.66
12/27/2018,$31.55,10875130,$30.22,$31.57,$30.1225
12/26/2018,$30.64,13207900,$29.38,$30.67,$28.79
12/24/2018,$28.99,10464920,$30,$30.32,$28.96
12/21/2018,$30.31,24387520,$30.89,$31.83,$30.25
12/20/2018,$30.9,16111940,$31.9,$32.25,$30.78
12/19/2018,$31.53,14656340,$32.73,$33.76,$31.36
12/18/2018,$33.28,13359870,$33.07,$34.315,$32.89
12/17/2018,$32.67,12124470,$32.52,$33.7622,$32.515
12/14/2018,$32.65,10805130,$33.19,$33.51,$32.63
12/13/2018,$33.71,9334680,$34.45,$34.49,$33.535
12/12/2018,$34.2,11845610,$34.59,$34.99,$33.95
12/11/2018,$34.02,13043110,$34.76,$35.38,$33.96
12/10/2018,$34.17,10163150,$33.64,$34.31,$33.45
12/07/2018,$33.64,15410310,$34.45,$34.83,$33.59
12/06/2018,$34.69,16911970,$34.63,$34.8762,$33.98
12/04/2018,$35.43,21445870,$38,$38.065,$35.1533
12/03/2018,$38.34,13988780,$38.3,$38.6414,$37.78
11/30/2018,$37.28,13362390,$36.47,$37.28,$36.33
11/29/2018,$36.54,7868491,$36.79,$37.09,$36.28
11/28/2018,$37.11,12038310,$36.36,$37.13,$35.55
11/27/2018,$36,11115000,$35.65,$36.6,$35.3726
11/26/2018,$36.01,11685570,$35.57,$36.05,$35.13
11/23/2018,$35.05,5203199,$34.86,$35.61,$34.8
11/21/2018,$35.19,11645000,$36.17,$36.28,$35.125
11/20/2018,$35.77,25481520,$33.34,$36.92,$33.14
11/19/2018,$34.42,14970390,$35.24,$35.67,$34.28
11/16/2018,$35.4,28067580,$32.15,$35.82,$32.07
11/15/2018,$35.02,15103510,$33.32,$35.5,$33.24
11/14/2018,$33.58,9457879,$33.8,$34.39,$33.2
11/13/2018,$33.49,11791670,$32.95,$34.06,$32.7
11/12/2018,$32.62,10588980,$33.73,$33.8,$32.46
11/09/2018,$34.28,11130910,$34.5,$34.63,$33.83
11/08/2018,$34.94,9027723,$34.8,$35.615,$34.75
11/07/2018,$35.25,11013140,$35.26,$35.27,$34.53
11/06/2018,$34.87,6788157,$34.16,$34.92,$34.1
11/05/2018,$34.32,7778799,$35.32,$35.39,$33.75
11/02/2018,$35.27,11908340,$35.81,$36.02,$34.72
11/01/2018,$35.35,14147550,$32.98,$35.445,$32.91
10/31/2018,$32.88,12938630,$32.9,$33.26,$32.22
10/30/2018,$32.42,15101400,$31.2,$32.46,$31.1
10/29/2018,$31.12,14139140,$32.65,$32.75,$30.53
10/26/2018,$32.36,13314270,$31.71,$32.99,$31.57
10/25/2018,$32.64,12398850,$32.21,$32.94,$32.09
10/24/2018,$31.81,14301900,$33.1,$33.61,$31.78
10/23/2018,$33.52,16107900,$32.11,$33.94,$32.11
10/22/2018,$33.53,12842100,$34.39,$34.54,$33.15
10/19/2018,$34.29,14614080,$34.17,$34.81,$33.89
10/18/2018,$33.92,12345080,$34.8,$34.89,$33.77
10/17/2018,$34.96,15143390,$36.02,$36.08,$34.89
10/16/2018,$34.76,11668780,$33.9,$34.8,$33.72
10/15/2018,$33.43,10149750,$33.44,$33.85,$33.05
10/12/2018,$33.69,16377160,$33.85,$34.34,$33.33
10/11/2018,$32.79,31677540,$34.36,$34.8,$32.78
10/10/2018,$34.43,23884470,$35,$35.69,$34.09
10/09/2018,$35.72,13386870,$36.53,$36.58,$35.69
10/08/2018,$36.59,9702736,$37,$37.3,$36.31
10/05/2018,$37.24,9788448,$37.82,$38.05,$36.98
10/04/2018,$37.89,11877600,$38.57,$38.71,$37.5
10/03/2018,$38.92,6864063,$39.15,$39.65,$38.69
10/02/2018,$38.9,8960543,$38.33,$39.36,$38.17
10/01/2018,$38.34,10147610,$38.5,$38.77,$38.05
09/28/2018,$38.65,11729410,$38.27,$39.34,$38.12
09/27/2018,$38.35,7130346,$38.31,$38.74,$38.07
09/26/2018,$38.26,10927370,$38.1,$38.87,$38.08
09/25/2018,$38.58,9030265,$39.15,$39.23,$38.51
09/24/2018,$39.1,10678410,$39.24,$39.5,$38.86
09/21/2018,$39.63,20510660,$39.33,$39.957,$39.152
09/20/2018,$39.39,12226720,$39.28,$39.84,$39.18
09/19/2018,$39.04,8161977,$39.39,$39.47,$38.85
09/18/2018,$39.19,9844545,$38.85,$39.43,$38.765
09/17/2018,$38.7,10786350,$38.95,$39.17,$38.64
09/14/2018,$39.1,10319030,$38.91,$39.58,$38.88
09/13/2018,$38.89,13366390,$38.78,$39.145,$38.62
09/12/2018,$38.39,17185890,$38.13,$38.76,$37.39
09/11/2018,$39.18,14712890,$39.14,$39.46,$38.51
09/10/2018,$39.6,15101940,$40.1,$40.2803,$39.4
09/07/2018,$39.85,11896610,$40,$40.4,$39.63
09/06/2018,$40.27,22583210,$41.98,$42.2,$40.24
09/05/2018,$42.5,15022120,$42.3,$42.58,$41.92
09/04/2018,$42.62,14750120,$42.84,$43,$42.045
08/31/2018,$43.02,9958850,$43.12,$43.3,$42.83
08/30/2018,$43.14,10058250,$42.9,$43.5,$42.89
08/29/2018,$43.1,14198670,$43.31,$43.38,$42.8601
08/28/2018,$43.4,13110050,$43.23,$43.64,$42.95
08/27/2018,$43.75,12484920,$42.96,$44.2,$42.75
08/24/2018,$42.73,8285499,$42.84,$43.06,$42.52
08/23/2018,$42.79,9499940,$42.81,$43.3,$42.65
08/22/2018,$42.99,11198450,$43.52,$43.5544,$42.97
08/21/2018,$43.76,15553470,$43.34,$44.23,$42.85
08/20/2018,$43.53,15048520,$43.8,$44.15,$43.0201
08/17/2018,$43.77,52575840,$44.77,$44.82,$42.6202
08/16/2018,$47.43,13571730,$47.99,$48.23,$47.15
08/15/2018,$47.51,10288040,$47.85,$48.1,$47.17
08/14/2018,$48.38,6878128,$48.42,$48.89,$48.23
08/13/2018,$48.25,6346708,$48.06,$48.6,$47.66
08/10/2018,$48.13,8081804,$48.18,$48.66,$47.905
08/09/2018,$49.16,9505518,$48.96,$49.58,$48.16
08/08/2018,$50.18,8456512,$49.6,$50.39,$49.45
08/07/2018,$49.63,7523664,$49.79,$49.97,$49.08
08/06/2018,$49.48,8545479,$49.08,$49.79,$48.9
08/03/2018,$48.84,7010148,$48.19,$48.86,$47.85
08/02/2018,$48.11,9362602,$47.39,$48.83,$47.11
08/01/2018,$47.97,8320767,$48.89,$48.97,$47.77
07/31/2018,$48.63,10535810,$48.36,$49.06,$48.16
07/30/2018,$47.91,9255257,$48.28,$48.43,$47.61
07/27/2018,$48.3,17129640,$48.63,$49.475,$47.88
07/26/2018,$47.17,11502040,$46,$47.305,$45.97
07/25/2018,$45.96,9265971,$45.79,$46.07,$45.1315
07/24/2018,$45.91,10891720,$46.61,$47.27,$45.83
07/23/2018,$46.43,7360923,$46.3,$46.54,$45.43
07/20/2018,$46.76,7792155,$46.67,$47.095,$46.21
07/19/2018,$46.67,11459130,$47.71,$48,$46.56
07/18/2018,$48.28,15306120,$48.97,$49.15,$47.84
07/17/2018,$47.3,9608457,$45.95,$47.46,$45.95
07/16/2018,$46.31,7227816,$46.04,$46.66,$45.96
07/13/2018,$46.13,6348991,$45.59,$46.23,$45.5
07/12/2018,$45.68,9721891,$45.34,$45.89,$45.34
07/11/2018,$45.2,13265150,$46.05,$46.216,$44.98
07/10/2018,$46.74,8701398,$46.53,$46.92,$46.26
07/09/2018,$46.52,9672714,$46.26,$46.65,$45.515
07/06/2018,$46.13,10838960,$45.46,$46.22,$44.89
07/05/2018,$45.44,8898294,$45.41,$45.68,$44.985
07/03/2018,$44.8,7538522,$45.76,$45.88,$44.74
07/02/2018,$45.68,10540590,$45.1,$45.71,$44.92
06/29/2018,$46.19,14476420,$45.73,$46.815,$45.69
06/28/2018,$45.29,13742490,$44.96,$45.49,$44.57
06/27/2018,$45.25,14867430,$46.92,$47.19,$45.2
06/26/2018,$46.67,13895650,$47.16,$47.3,$46.555
06/25/2018,$46.71,14292480,$47,$47.325,$46.0833
06/22/2018,$47.96,12764480,$49.4,$49.4,$47.73
06/21/2018,$48.99,13200540,$49.59,$49.79,$48.6648
06/20/2018,$48.58,9722943,$48.75,$48.975,$48.14
06/19/2018,$48.55,13564040,$47.56,$48.81,$47.201
06/18/2018,$48.32,13757200,$48.88,$49,$48.15
06/15/2018,$49.31,23233550,$49.16,$49.7,$48.76
06/14/2018,$49.69,16461590,$50.99,$51.04,$49.62
06/13/2018,$50.98,17080420,$50.3,$51.59,$50.25
06/12/2018,$50.86,17171770,$50.07,$50.875,$49.83
06/11/2018,$49.89,18680570,$51.2,$51.22,$49.5648
06/08/2018,$51.15,9950869,$50.41,$51.215,$50.23
06/07/2018,$51.25,16866110,$51.61,$51.82,$50.4
06/06/2018,$52.53,10019830,$52.93,$52.93,$52.11
06/05/2018,$52.91,12525990,$52.71,$53.23,$52.32
06/04/2018,$52.29,9721130,$52.35,$52.47,$51.89
06/01/2018,$52.24,11297930,$51.3,$52.27,$51.11
05/31/2018,$50.78,16460900,$51.31,$51.6099,$50.62
05/30/2018,$51.59,13400090,$52.38,$52.49,$51.445
05/29/2018,$52.02,16072530,$51.1,$52.25,$51.042
05/25/2018,$50.85,11421510,$50.73,$51.33,$50.4
05/24/2018,$50.77,10284990,$50.59,$50.91,$49.8601
05/23/2018,$50.34,15588630,$49.81,$50.8,$49.73
05/22/2018,$50.25,15088190,$50.61,$51.33,$50
05/21/2018,$50,20872530,$50.706,$51.365,$49.37
05/18/2018,$49.51,51014060,$50.29,$50.46,$48.53
05/17/2018,$53.96,19748510,$54.68,$54.98,$53.46
05/16/2018,$55.17,10118420,$54.5,$55.46,$54.46
05/15/2018,$54.09,12830710,$54.75,$54.87,$53.48
05/14/2018,$55.26,12325930,$55.83,$56.94,$55.23
05/11/2018,$54.84,10895760,$55.43,$55.89,$54.55
05/10/2018,$55.53,9831048,$54.53,$55.62,$54.32
05/09/2018,$54.13,9569762,$53.53,$54.17,$53.26
05/08/2018,$53.45,13416150,$52.7,$53.49,$52.6
05/07/2018,$52.59,9965102,$52.74,$52.9,$52.15
05/04/2018,$52.56,12521690,$50.39,$52.69,$50.18
05/03/2018,$50.71,11621200,$50.27,$50.91,$49.88
05/02/2018,$50.53,10282880,$50.66,$51.28,$50.37
05/01/2018,$50.91,10928710,$49.74,$50.95,$49.51
04/30/2018,$49.67,12678560,$49.52,$49.95,$49.17
04/27/2018,$49.4,11473320,$51.04,$51.39,$49.235
04/26/2018,$50.49,12637640,$50.01,$50.66,$49.55
04/25/2018,$49.14,13205490,$48.76,$49.47,$47.74
04/24/2018,$48.72,16305430,$50.705,$51.05,$48.18
04/23/2018,$50.18,12347940,$51.53,$51.74,$49.93
04/20/2018,$51.09,16162970,$51.08,$52.04,$50.68
04/19/2018,$51.19,24259620,$53.68,$54.18,$50.8
04/18/2018,$54.73,18387300,$56,$56.4,$54.57
04/17/2018,$57.86,9788018,$57.2,$58.4,$57.17
04/16/2018,$56.87,7969892,$56.44,$57.24,$56.18
04/13/2018,$56.07,6717696,$56.88,$57.0578,$55.687
04/12/2018,$56.43,9107706,$55.3,$56.67,$55.16
04/11/2018,$54.95,9360594,$54.49,$55.9125,$54.35
04/10/2018,$54.8,10495440,$54.61,$55.26,$53.8
04/09/2018,$53.02,11131770,$52.98,$54.9833,$52.8
04/06/2018,$52.34,15087120,$53.26,$53.87,$51.92
04/05/2018,$54.29,12179280,$55.87,$56.21,$53.8643
04/04/2018,$55.56,11983400,$52.29,$55.76,$52.29
04/03/2018,$53.98,10784790,$53.52,$54.44,$53.01
04/02/2018,$52.89,20889470,$55.27,$55.53,$52.42
03/29/2018,$55.61,12568300,$54.6,$56.61,$54.19
03/28/2018,$54.06,16455510,$55,$55.43,$53.731
03/27/2018,$55.44,17465260,$59,$59.22,$54.84
03/26/2018,$58.47,14483840,$57.21,$58.52,$56.61
03/23/2018,$55.38,19142220,$58.67,$58.83,$55.37
03/22/2018,$58.96,14700720,$59.67,$60.62,$58.9
03/21/2018,$60.78,17162390,$59.59,$61.57,$59.46
03/20/2018,$59.23,8428240,$58.42,$59.52,$58.32
03/19/2018,$58.5,13535010,$58.82,$59.08,$57.47
03/16/2018,$59.44,14742640,$60.38,$60.52,$59.2301
03/15/2018,$60.28,11940170,$60.4,$61.24,$59.59
03/14/2018,$60.23,11883940,$59.99,$60.71,$59.385
03/13/2018,$59.69,15620420,$61.38,$62.24,$59.485
03/12/2018,$60.97,16198280,$61.91,$62.4,$60.88
03/09/2018,$61.61,18048700,$59.71,$61.76,$59.47
03/08/2018,$59.37,12397890,$59.76,$59.91,$59
03/07/2018,$59.42,17282840,$59.15,$60.09,$58.6
03/06/2018,$59.99,23193530,$58.32,$60.18,$58.1
03/05/2018,$57.63,13321150,$57.31,$58.42,$57.11
03/02/2018,$58.03,15712300,$55.9,$58.14,$55.12
03/01/2018,$57.07,17303960,$57.54,$58.44,$56.12
02/28/2018,$57.59,13119270,$57.9,$58.769,$57.58
02/27/2018,$57.64,13046400,$58.64,$58.9,$57.63
02/26/2018,$58.81,14812780,$57.515,$58.995,$57.34
02/23/2018,$57.01,13510260,$56.59,$57.13,$56.31
02/22/2018,$56.07,14908370,$56.49,$56.98,$55.81
02/21/2018,$56.13,16440650,$57,$57.34,$56.08
02/20/2018,$56.66,21925090,$54.74,$57.36,$54.351
02/16/2018,$55.03,27682360,$53.8,$56.09,$53.67
02/15/2018,$53.99,26832490,$52.16,$54,$50.58
02/14/2018,$51.96,21919880,$49.4,$52.12,$49.1502
02/13/2018,$49.55,12862390,$49.26,$49.65,$48.5
02/12/2018,$49.5,16272440,$48.96,$49.88,$48.41
02/09/2018,$48.08,22621620,$46.84,$48.5,$45.13
02/08/2018,$45.75,19893990,$48.98,$49.15,$45.74
02/07/2018,$48.69,14737150,$49.87,$50.58,$48.67
02/06/2018,$50.25,21224130,$47.41,$50.26,$46.4
02/05/2018,$48.31,17908950,$49.98,$51.465,$48.31
02/02/2018,$50.68,16755770,$52.58,$52.79,$50.52
02/01/2018,$53.28,9688591,$53.16,$54.18,$52.93
01/31/2018,$53.63,13151650,$53.68,$54.14,$52.91
01/30/2018,$53.38,14577270,$54.28,$54.33,$53.21
01/29/2018,$55.33,12341410,$56.73,$56.92,$54.82
01/26/2018,$57.12,11232350,$56.42,$57.12,$55.93
01/25/2018,$55.76,15258060,$58.18,$58.73,$55.46
01/24/2018,$56.88,11776640,$57.32,$57.42,$56.36
01/23/2018,$57.79,8728007,$57.88,$58.18,$57.18
01/22/2018,$57.46,11357340,$57.47,$57.53,$56.87
01/19/2018,$57.4,11456770,$57.7,$57.72,$56.22
01/18/2018,$57.4,17674510,$56.75,$58.63,$56.68
01/17/2018,$57.34,17901830,$55.71,$57.52,$55.47
01/16/2018,$54.5,14235600,$54.82,$55.4,$54.01
01/12/2018,$53.45,9070103,$53.24,$53.9999,$53.08
01/11/2018,$53.2,10677980,$53.47,$53.53,$52.6199
01/10/2018,$53.3,14493240,$54.09,$54.11,$52.56
01/09/2018,$54.86,13523920,$56.17,$56.18,$54.04
01/08/2018,$55.92,12541610,$55.01,$56.45,$54.97
01/05/2018,$54.6,10757330,$54.65,$54.91,$54.22
01/04/2018,$54.29,9423211,$54.5,$54.94,$53.98
01/03/2018,$53.98,10888570,$53.54,$54.2779,$53.1855
01/02/2018,$53.04,9811329,$51.68,$53.06,$51.22
12/29/2017,$51.12,6968609,$51.82,$51.94,$51.06
12/28/2017,$51.72,5632883,$51.89,$52.15,$51.501
12/27/2017,$51.68,5957129,$51.34,$51.83,$50.97
12/26/2017,$51.05,7388932,$51.22,$51.43,$50.42
12/22/2017,$52.06,8086902,$51.75,$52.24,$51.3
12/21/2017,$51.89,9526263,$53.18,$53.31,$51.81
12/20/2017,$53.29,9946725,$54.11,$54.25,$52.92
12/19/2017,$52.96,10636480,$52.85,$53.43,$52.33
12/18/2017,$53.4,13300090,$53.16,$53.54,$52.76
12/15/2017,$52.54,14569520,$51.57,$52.88,$51.15
12/14/2017,$51.31,8937565,$51,$51.81,$50.57
12/13/2017,$50.76,13856280,$50.81,$51.08,$50.57
12/12/2017,$50.47,9544000,$51.5,$51.74,$50.41
12/11/2017,$51.62,9738460,$51.57,$52.2,$50.97
12/08/2017,$51.43,15123550,$53,$53.79,$51.19
12/07/2017,$52.3,14670800,$51.69,$52.59,$51.33
12/06/2017,$51.01,19273730,$49.87,$51.269,$49.095
12/05/2017,$50.08,21028340,$49.45,$51.9,$48.25
12/04/2017,$49.77,19948380,$52.06,$52.34,$49.27
12/01/2017,$51.91,15997900,$52,$52.7154,$50.371
11/30/2017,$52.77,14543460,$53.71,$53.755,$52.33
11/29/2017,$52.91,25235280,$56.86,$57.06,$51.59
11/28/2017,$57.33,7874034,$57,$57.63,$56.76
11/27/2017,$56.94,7958192,$56.92,$57.33,$56.27
11/24/2017,$57.91,3703283,$57.85,$58.13,$57.67
11/22/2017,$57.68,8298900,$58.94,$59,$57.5
11/21/2017,$58.8,10109520,$58,$58.86,$58
11/20/2017,$57.62,14356670,$56.66,$58.2199,$56.66
11/17/2017,$56.49,27317600,$60.46,$60.89,$56.085
11/16/2017,$57.84,16471320,$56.36,$58,$56.26
11/15/2017,$55.77,9289364,$56.23,$56.54,$55.46
11/14/2017,$56.42,9623728,$56.83,$56.9,$55.8
11/13/2017,$57.03,9406554,$56.4,$57.09,$56.1
11/10/2017,$56.36,7372376,$55.65,$56.51,$55.31
11/09/2017,$55.48,10260720,$56.48,$56.58,$54.8008
11/08/2017,$56.92,7467500,$56.49,$57.13,$56.22
11/07/2017,$56.47,8176176,$56.38,$57.21,$56.31
11/06/2017,$56.33,7884059,$56.69,$56.72,$55.7
11/03/2017,$56.55,5566111,$56.29,$56.55,$55.92
11/02/2017,$56.26,6543329,$55.72,$56.38,$55.11
11/01/2017,$55.71,10439070,$57,$57.3408,$55.2
10/31/2017,$56.43,7407035,$56.05,$56.68,$55.69
10/30/2017,$55.9,7332277,$56.5,$56.6,$55.58
10/27/2017,$56.69,10521510,$56.26,$56.82,$55.5
10/26/2017,$55.93,8185002,$55.67,$56.43,$55.59
10/25/2017,$55.3,13693650,$56.29,$56.38,$54.571
10/24/2017,$56.38,7682454,$56.61,$56.66,$55.86
10/23/2017,$56.37,11002350,$56.49,$56.73,$55.8
10/20/2017,$56.09,10574630,$55.84,$56.235,$55.73
10/19/2017,$55.33,7753326,$54.7,$55.34,$54.15
10/18/2017,$55.34,9458558,$55.29,$55.61,$54.67
10/17/2017,$55.13,10237920,$54.97,$55.28,$54.28
10/16/2017,$55.04,9916458,$54.28,$55.09,$54.28
10/13/2017,$53.94,10205160,$53.6,$54.045,$53.237
10/12/2017,$53.31,12664850,$53.15,$54.13,$53.04
10/11/2017,$53.23,7745451,$52.39,$53.375,$52.3
10/10/2017,$52.59,8214984,$53.05,$53.07,$51.79
10/09/2017,$52.69,8762608,$52.69,$53.0434,$52.21
10/06/2017,$52.4,8501957,$51.2,$52.41,$51.15
10/05/2017,$51.43,9335378,$51.65,$51.74,$50.77
10/04/2017,$51.6,8292440,$51.78,$52,$51.15
10/03/2017,$51.84,11289270,$52.21,$52.36,$51.26
10/02/2017,$52.08,15595880,$52.21,$52.63,$51.62
09/29/2017,$52.09,20975370,$50.59,$52.28,$50.56
09/28/2017,$50.62,21928680,$48.92,$50.88,$48.65
09/27/2017,$48.84,20254240,$46.73,$49.71,$46.68
09/26/2017,$45.92,11055170,$46.56,$46.86,$45.58
09/25/2017,$46.33,11423850,$47.52,$47.64,$45.97
09/22/2017,$47.77,5866986,$46.89,$47.92,$46.84
09/21/2017,$47.15,8403729,$47.31,$47.53,$46.76
09/20/2017,$47.28,10987550,$48.37,$48.37,$46.78
09/19/2017,$48.26,9348320,$48.03,$48.5,$47.58
09/18/2017,$48.05,11211040,$47.8,$48.5272,$47.74
09/15/2017,$47.14,13879530,$46.97,$47.69,$46.87
09/14/2017,$47.05,12325950,$45.98,$47.36,$45.78
09/13/2017,$46.12,7488949,$46.1,$46.42,$45.53
09/12/2017,$45.65,7234421,$45.84,$46.02,$45.37
09/11/2017,$45.58,8889354,$44.89,$45.79,$44.85
09/08/2017,$44.35,8117436,$45.2,$45.25,$44.12
09/07/2017,$45.22,8291534,$44.94,$45.4,$44.59
09/06/2017,$44.73,12113650,$44.7,$44.955,$44.21
09/05/2017,$44.48,9199247,$44.63,$44.96,$43.87
09/01/2017,$45.1,5307511,$45.19,$45.2964,$44.76
08/31/2017,$45.12,9211808,$45.43,$45.47,$44.84
08/30/2017,$45.47,8756245,$44,$45.49,$43.99
08/29/2017,$44.02,6765134,$43.02,$44.19,$42.933
08/28/2017,$43.63,5537674,$43.36,$43.721,$43.36
08/25/2017,$43.31,6384540,$43.79,$43.95,$43.12
08/24/2017,$43.72,9252738,$44.3,$44.31,$43.25
08/23/2017,$44.02,8480256,$44.2,$44.2,$43.83
08/22/2017,$44.45,8657345,$43.62,$44.53,$43.61
08/21/2017,$43.31,14370540,$44.11,$44.26,$43.0211
08/18/2017,$44.3,20984700,$44.77,$45.25,$43.66
08/17/2017,$43.12,14046160,$44.33,$44.4,$43
08/16/2017,$44.46,8473976,$44.35,$44.616,$43.76
08/15/2017,$43.88,6238174,$43.85,$44.35,$43.6
08/14/2017,$43.78,9734117,$43.7,$44.24,$43.59
08/11/2017,$43.08,10745070,$42.03,$43.14,$41.98
08/10/2017,$42.03,11257080,$43.37,$43.58,$41.94
08/09/2017,$43.81,5609827,$43.39,$44.025,$43.06
08/08/2017,$43.9,9731372,$44.04,$44.52,$43.73
08/07/2017,$43.96,7744761,$42.86,$44.045,$42.85
08/04/2017,$42.82,7509630,$42.85,$43.14,$42.36
08/03/2017,$42.7,11459660,$42.7,$43.115,$42.31
08/02/2017,$42.73,15366090,$44.35,$44.44,$42.51
08/01/2017,$44.1,9342499,$44.39,$44.79,$44.015
07/31/2017,$44.31,11105080,$45.43,$45.48,$44.01
07/28/2017,$45.25,9584316,$45.9,$46,$44.91
07/27/2017,$46.04,17024690,$47.5,$47.59,$45.3
07/26/2017,$47.45,8949119,$46.61,$47.47,$46.52
07/25/2017,$46.4,7268197,$46.63,$46.665,$45.85
07/24/2017,$46.78,8459820,$46.68,$47.02,$46.56
07/21/2017,$46.81,7537352,$46.78,$47,$46.23
07/20/2017,$47.25,8772674,$47.11,$47.34,$46.37
07/19/2017,$47.18,9042143,$46.9,$47.21,$46.7446
07/18/2017,$46.62,6553331,$46.02,$46.63,$45.68
07/17/2017,$46.15,7659454,$46.2,$46.45,$45.68
07/14/2017,$46.12,8006418,$45.38,$46.13,$45.35
07/13/2017,$45.3,9031937,$45.28,$45.6569,$44.9915
07/12/2017,$45.28,10395130,$45.68,$45.98,$44.84
07/11/2017,$45.4,13524650,$44.21,$45.5,$44.04
07/10/2017,$44.21,10355640,$43.6,$44.5,$43.51
07/07/2017,$43.54,10612130,$42.36,$43.795,$42.36
07/06/2017,$42.11,11933160,$41.72,$42.59,$41.56
07/05/2017,$42.12,10918730,$41.28,$42.23,$41.25
07/03/2017,$41.01,6519489,$41.33,$41.96,$40.98
06/30/2017,$41.31,10031310,$41.81,$42.02,$41.09
06/29/2017,$41.44,12342560,$42.35,$42.46,$40.79
06/28/2017,$42.69,14307070,$41.9,$42.775,$41.42
06/27/2017,$41.89,12733690,$43,$43.1,$41.83
06/26/2017,$43.25,10890450,$44.47,$44.65,$42.91
06/23/2017,$44.09,13946850,$43.45,$44.3,$43.41
06/22/2017,$43.34,7046214,$43.69,$43.92,$43.08
06/21/2017,$43.62,9408379,$43.41,$43.82,$43.09
06/20/2017,$43.36,9082285,$44.26,$44.59,$43.3
06/19/2017,$44.29,9601552,$43.7,$44.39,$43.63
06/16/2017,$43.11,10766080,$43.19,$43.9,$43.055
06/15/2017,$43.16,11509120,$43.19,$43.67,$42.83
06/14/2017,$43.98,10681420,$45.08,$45.285,$43.37
06/13/2017,$44.85,12329840,$44.91,$45.5,$44.28
06/12/2017,$44.34,20623140,$44.14,$44.5,$42.316
06/09/2017,$44.74,20474690,$47.62,$47.86,$43.41
06/08/2017,$47.43,7916859,$47.4,$47.47,$46.93
06/07/2017,$47.26,8023248,$46.7,$47.34,$46.62
06/06/2017,$46.57,7805721,$46.57,$47.21,$46.48
06/05/2017,$46.72,6803706,$46.63,$47.24,$46.51
06/02/2017,$46.8,9523342,$46.22,$46.86,$45.9
06/01/2017,$46,7175481,$45.97,$46.26,$45.8
05/31/2017,$45.88,13081940,$45.66,$46.035,$45.33
05/30/2017,$45.56,6592905,$45.47,$45.74,$45.21
05/26/2017,$45.5,6633064,$44.87,$45.5,$44.7499
05/25/2017,$45.02,8662486,$44.76,$45.33,$44.551
05/24/2017,$44.63,7565735,$45,$45.13,$44.47
05/23/2017,$44.91,8539912,$44.81,$44.94,$44.3
05/22/2017,$44.73,12600980,$44.19,$45,$43.62
05/19/2017,$44.08,23330530,$45.05,$45.74,$43.91
05/18/2017,$43.91,21066140,$43.1,$44.1,$42.835
05/17/2017,$42.76,20040050,$44.58,$44.7,$42.73
05/16/2017,$45.07,13400030,$44.8,$45.08,$44.31
05/15/2017,$44.32,11894240,$43.88,$44.425,$43.71
05/12/2017,$43.44,9361424,$43.53,$43.64,$43.06
05/11/2017,$43.48,11093250,$43.02,$43.48,$42.73
05/10/2017,$42.87,11546240,$42.53,$43.09,$42.47
05/09/2017,$42.04,8046197,$41.82,$42.25,$41.72
05/08/2017,$41.54,6342415,$41.9,$41.96,$41.44
05/05/2017,$41.83,4748118,$41.85,$41.89,$41.3
05/04/2017,$41.62,5016854,$41.65,$41.81,$41.41
05/03/2017,$41.55,5673483,$41.71,$41.71,$41.2
05/02/2017,$41.71,6941504,$41.72,$41.75,$41.13
05/01/2017,$41.7,7426152,$40.98,$41.71,$40.85
04/28/2017,$40.61,9208410,$41.1,$41.33,$40.58
04/27/2017,$41.33,8301852,$40.96,$41.82,$40.94
04/26/2017,$40.71,5578204,$40.78,$40.92,$40.425
04/25/2017,$40.79,7233787,$40.62,$40.87,$40.28
04/24/2017,$40.44,6925338,$40.37,$40.61,$40.09
04/21/2017,$39.79,8753658,$39.9,$40.085,$39.47
04/20/2017,$39.89,9402361,$39.54,$39.97,$39.15
04/19/2017,$39.25,13393400,$39.2,$39.655,$39.15
04/18/2017,$38.05,6043962,$37.79,$38.11,$37.6
04/17/2017,$38.02,5240990,$37.64,$38.03,$37.57
04/13/2017,$37.52,5746819,$37.67,$38.25,$37.4101
04/12/2017,$37.77,6802050,$38.35,$38.37,$37.63
04/11/2017,$38.2,10549690,$38.69,$38.69,$37.6
04/10/2017,$38.86,7339627,$38.82,$39.2,$38.745
04/07/2017,$38.93,6314603,$38.45,$39.03,$38.45
04/06/2017,$38.58,7158864,$38.35,$38.65,$37.85
04/05/2017,$38.38,6924302,$39.16,$39.35,$38.38
04/04/2017,$39,7241417,$38.71,$39.02,$38.655
04/03/2017,$38.89,7165203,$38.99,$39.06,$38.52
03/31/2017,$38.9,8565053,$38.8,$39.04,$38.53
03/30/2017,$38.89,5991917,$38.91,$39.13,$38.8
03/29/2017,$38.87,6404364,$38.82,$38.9469,$38.66
03/28/2017,$38.82,7921706,$38.74,$39.195,$38.7099
03/27/2017,$38.86,6819113,$38.45,$39,$38.295
03/24/2017,$38.97,9059216,$39.38,$39.68,$38.74
03/23/2017,$38.85,6902429,$38.84,$39.1092,$38.61
03/22/2017,$38.82,9047330,$38.48,$38.83,$38.34
03/21/2017,$38.58,13532700,$39.7,$39.81,$38.3
03/20/2017,$39.57,6841209,$39.33,$39.765,$39.2101
03/17/2017,$39.28,11013380,$39.34,$39.38,$39.085
03/16/2017,$39.05,8292537,$39,$39.28,$38.85
03/15/2017,$38.92,9370783,$38.41,$38.95,$38.3
03/14/2017,$38.27,9646614,$38.35,$38.44,$37.78
03/13/2017,$38.44,8834691,$38.2,$38.59,$38.17
03/10/2017,$38.12,11485810,$37.66,$38.19,$37.65
03/09/2017,$37.38,8493709,$37.03,$37.48,$37.02
03/08/2017,$37.19,8025155,$37.01,$37.23,$36.96
03/07/2017,$36.97,7797848,$36.81,$37.26,$36.75
03/06/2017,$36.86,8645858,$36.68,$36.955,$36.51
03/03/2017,$36.87,7244178,$36.44,$36.88,$36.42
03/02/2017,$36.49,7854447,$36.71,$36.95,$36.33
03/01/2017,$36.85,7285770,$36.52,$36.93,$36.5
02/28/2017,$36.22,8582833,$36.33,$36.44,$36.1029
02/27/2017,$36.43,6491255,$36.47,$36.5,$36.1
02/24/2017,$36.3,7494206,$35.81,$36.32,$35.55
02/23/2017,$36.16,7836934,$36.56,$36.66,$35.9
02/22/2017,$36.51,10373390,$36.45,$36.67,$36.21
02/21/2017,$36.58,13804720,$35.515,$36.82,$35.515
02/17/2017,$35.67,14865110,$34.97,$35.8,$34.72
02/16/2017,$35.18,21667460,$35.62,$35.65,$34.58
02/15/2017,$35.49,17279950,$35.46,$35.735,$35.261
02/14/2017,$35.23,9954172,$35.5,$35.55,$35.12
02/13/2017,$35.46,11896200,$35.72,$35.8295,$35.37
02/10/2017,$35.32,6912022,$35.64,$35.64,$35.09
02/09/2017,$35.41,6513095,$35.75,$35.85,$35.38
02/08/2017,$35.6,8735702,$35.8,$35.8,$35.1799
02/07/2017,$35.54,8120495,$35.38,$35.64,$35.07
02/06/2017,$35.18,5854164,$35.32,$35.39,$35.01
02/03/2017,$35.31,8519801,$34.98,$35.39,$34.98
02/02/2017,$34.94,7499412,$34.97,$35.03,$34.64
02/01/2017,$35.03,15227070,$34.59,$35.05,$34.5
01/31/2017,$34.25,9468604,$34.14,$34.315,$33.93
01/30/2017,$34.34,11182740,$34.79,$34.83,$33.77
01/27/2017,$35.04,11055520,$34.26,$35.15,$34.22
01/26/2017,$33.98,9371316,$34.42,$34.47,$33.85
01/25/2017,$34.42,12164570,$34.3,$34.83,$34.22
01/24/2017,$34.03,9642767,$33.89,$34.21,$33.88
01/23/2017,$33.75,7236410,$33.76,$34.1999,$33.56
01/20/2017,$33.84,8556552,$33.92,$34.18,$33.765
01/19/2017,$33.75,8333507,$33.7,$34.13,$33.67
01/18/2017,$33.69,10481920,$33.68,$34,$33.53
01/17/2017,$33.3,6428557,$33.79,$33.83,$33.09
01/13/2017,$33.79,6889414,$33.32,$33.895,$33.3
01/12/2017,$33.31,6462501,$33.25,$33.3399,$32.6
01/11/2017,$33.47,10584800,$33.21,$33.48,$32.8
01/10/2017,$33.13,8740049,$32.87,$33.2,$32.74
01/09/2017,$32.78,9270140,$32.27,$33.07,$32.21
01/06/2017,$32.04,7063537,$32.04,$32.23,$31.86
01/05/2017,$32.1,7268925,$32.3,$32.4,$31.91
01/04/2017,$32.24,9445138,$32.09,$32.51,$32.06
01/03/2017,$31.94,13208790,$32.36,$32.71,$31.66
12/30/2016,$32.27,5887422,$32.86,$32.91,$32.18
12/29/2016,$32.66,4452764,$32.8,$32.99,$32.48
12/28/2016,$32.9,5335273,$33.55,$33.68,$32.88
12/27/2016,$33.33,4955933,$33.15,$33.46,$33.1
12/23/2016,$32.9,4027943,$32.92,$33,$32.66
12/22/2016,$33.01,9467460,$32.95,$33.62,$32.86
12/21/2016,$32.58,6456015,$32.5,$32.99,$32.5
12/20/2016,$32.61,8175510,$32.75,$32.91,$32.35
12/19/2016,$32.44,10384690,$32.25,$32.76,$32.25
12/16/2016,$32.51,13336490,$33.4,$33.4,$32.42
12/15/2016,$33.06,11614970,$32.34,$33.1,$31.96
12/14/2016,$32.14,10479190,$31.93,$32.36,$31.87
12/13/2016,$32.03,6244825,$32.04,$32.37,$31.95
12/12/2016,$32,7709144,$32.18,$32.3175,$31.6734
12/09/2016,$32.35,10774280,$32.78,$32.828,$31.91
12/08/2016,$32.71,10131120,$32.78,$32.925,$32.4501
12/07/2016,$32.51,12588490,$31.8,$32.65,$31.29
12/06/2016,$31.61,10084070,$31.71,$31.83,$31.21
12/05/2016,$31.53,13035880,$31.7,$31.835,$31.34
12/02/2016,$31.44,15227050,$30.2,$31.45,$30.06
12/01/2016,$30.1,25171350,$32.14,$32.18,$29.85
11/30/2016,$32.2,14878720,$32.16,$32.54,$32.05
11/29/2016,$32.16,8982860,$31.67,$32.35,$31.57
11/28/2016,$31.84,8360791,$31.84,$32.16,$31.62
11/25/2016,$31.88,4703898,$31.71,$31.97,$31.44
11/23/2016,$31.88,9875815,$31.64,$31.95,$31.505
11/22/2016,$31.67,8955596,$31.53,$31.8,$31.35
11/21/2016,$31.35,13072110,$30.88,$31.45,$30.84
11/18/2016,$30.74,23709420,$30.47,$31.25,$30.3511
11/17/2016,$30.73,18983510,$30.39,$30.8463,$30
11/16/2016,$30.02,14796580,$30,$30.3,$29.54
11/15/2016,$29.61,12677070,$29.31,$29.64,$29.1
11/14/2016,$28.99,12291450,$29.4,$29.5,$28.93
11/11/2016,$28.82,12747820,$28.5,$28.84,$28.24
11/10/2016,$28.18,14784140,$29.21,$29.9,$28.1
11/09/2016,$29.13,12558630,$29.33,$29.33,$28.36
11/08/2016,$29.51,7395479,$29.34,$29.67,$29.11
11/07/2016,$29.33,12024760,$28.67,$29.35,$28.63
11/04/2016,$28.22,8665773,$28.05,$28.64,$28.02
11/03/2016,$28.27,12003610,$28.52,$28.59,$28.12
11/02/2016,$28.59,9942213,$28.74,$29.0875,$28.47
11/01/2016,$28.9,10437560,$29.11,$29.23,$28.51
10/31/2016,$29.08,10929240,$28.73,$29.165,$28.71
10/28/2016,$28.66,11540000,$28.96,$29.175,$28.57
10/27/2016,$28.86,9124272,$29.07,$29.3,$28.67
10/26/2016,$28.85,7341427,$28.71,$29.02,$28.6181
10/25/2016,$28.86,9772598,$29.08,$29.3,$28.75
10/24/2016,$29.15,12295160,$28.71,$29.16,$28.65
10/21/2016,$28.43,9874887,$28.26,$28.56,$28.05
10/20/2016,$28.38,12118520,$28.22,$28.45,$28.02
10/19/2016,$28.32,11793830,$27.98,$28.43,$27.95
10/18/2016,$28.02,11969330,$28.24,$28.34,$27.955
10/17/2016,$27.8,11038570,$28.65,$28.65,$27.74
10/14/2016,$28.07,12138170,$27.95,$28.405,$27.82
10/13/2016,$27.86,16963670,$28.25,$28.26,$27.56
10/12/2016,$28.64,11675130,$28.66,$28.8,$28.26
10/11/2016,$28.64,20016600,$29.37,$29.39,$28.305
10/10/2016,$29.38,10204770,$29.97,$30,$29.35
10/07/2016,$29.75,11641200,$29.83,$29.91,$29.475
10/06/2016,$29.89,13012170,$30.05,$30.0698,$29.44
10/05/2016,$29.94,7933798,$29.74,$30.175,$29.59
10/04/2016,$29.61,8479978,$29.9,$30.13,$29.52
10/03/2016,$29.92,9867318,$30.18,$30.4,$29.8
09/30/2016,$30.15,13209380,$29.68,$30.21,$29.66
09/29/2016,$29.58,11446570,$29.66,$29.82,$29.3
09/28/2016,$29.74,14032120,$29.73,$29.98,$29.47
09/27/2016,$29.64,17336670,$29.35,$29.759,$29.26
09/26/2016,$29.35,12584470,$29.49,$29.62,$29.2236
09/23/2016,$29.66,13971410,$30.33,$30.42,$29.61
09/22/2016,$30.29,15599680,$30.76,$31.07,$30.17
09/21/2016,$30.57,21284940,$30.43,$30.67,$30
09/20/2016,$30.39,13152900,$30.6,$30.709,$30.19
09/19/2016,$30.3,13602290,$30.44,$30.78,$30.27
09/16/2016,$30.05,16236670,$30.38,$30.44,$29.89
09/15/2016,$30.15,15579800,$29.58,$30.385,$29.52
09/14/2016,$29.43,12251300,$29.38,$29.5,$29.27
09/13/2016,$29.38,13010390,$29.29,$29.62,$29.085
09/12/2016,$29.59,16265250,$28.64,$29.77,$28.53
09/09/2016,$28.86,14681310,$29.5,$29.65,$28.67
09/08/2016,$29.79,8170228,$29.86,$29.965,$29.64
09/07/2016,$29.91,11247810,$30.03,$30.25,$29.87
09/06/2016,$29.98,14673450,$30.04,$30.22,$29.79
09/02/2016,$30.02,11528140,$30.39,$30.41,$29.82
09/01/2016,$30.29,10703620,$29.94,$30.29,$29.825
08/31/2016,$29.84,10595680,$29.89,$29.91,$29.55
08/30/2016,$29.99,12069320,$30.19,$30.2,$29.7
08/29/2016,$30.05,9799138,$29.92,$30.27,$29.6
08/26/2016,$29.97,12174420,$29.78,$30.155,$29.7
08/25/2016,$29.65,10441640,$29.63,$29.96,$29.59
08/24/2016,$29.7,12401090,$29.95,$30,$29.61
08/23/2016,$29.95,23546570,$29.25,$30.15,$29.2
08/22/2016,$29.15,29141810,$29.5,$29.53,$28.87
08/19/2016,$29.64,53501070,$28.985,$29.74,$28.64
08/18/2016,$27.68,20205260,$27.6,$27.71,$27.256
08/17/2016,$27.29,10115100,$27.43,$27.43,$27
08/16/2016,$27.22,6570572,$27.43,$27.5224,$27.21
08/15/2016,$27.47,10654540,$27.4,$27.75,$27.35
08/12/2016,$27.18,9852679,$26.86,$27.22,$26.86
08/11/2016,$26.82,7526712,$26.56,$26.99,$26.4111
08/10/2016,$26.41,6228312,$26.8,$26.86,$26.37
08/09/2016,$26.79,6902370,$26.95,$26.95,$26.71
08/08/2016,$26.83,5704838,$26.85,$26.92,$26.72
08/05/2016,$26.81,6914596,$26.5,$26.87,$26.38
08/04/2016,$26.37,4924086,$26.2,$26.37,$26.14
08/03/2016,$26.2,5588140,$25.9,$26.22,$25.86
08/02/2016,$25.97,10420270,$26.23,$26.25,$25.68
08/01/2016,$26.27,6430670,$26.41,$26.46,$26.19
07/29/2016,$26.29,8805501,$26.58,$26.68,$26.16
07/28/2016,$26.62,8238813,$26.82,$26.95,$26.58
07/27/2016,$26.9,10220850,$26.88,$27.1125,$26.62
07/26/2016,$26.81,11876620,$26.66,$26.83,$26.46
07/25/2016,$26.49,6859553,$26.44,$26.579,$26.25
07/22/2016,$26.37,5291279,$26.39,$26.41,$26.08
07/21/2016,$26.23,14638310,$26.61,$26.66,$26.06
07/20/2016,$26.65,9809520,$26.57,$26.765,$26.42
07/19/2016,$26.39,15996680,$26.5,$26.82,$26.32
07/18/2016,$26.6,13208160,$26.53,$26.64,$26.36
07/15/2016,$26.34,10860720,$26.15,$26.34,$25.95
07/14/2016,$26.1,14887740,$26.08,$26.24,$25.74
07/13/2016,$25.91,15836170,$25.49,$25.97,$25.42
07/12/2016,$25.41,10615570,$25.32,$25.46,$25.13
07/11/2016,$25.15,11022630,$25,$25.3,$24.998
07/08/2016,$24.93,14147610,$24.5,$24.97,$24.43
07/07/2016,$24.29,10056470,$24.02,$24.46,$24
07/06/2016,$24,9622334,$23.62,$24.02,$23.52
07/05/2016,$23.84,8747113,$23.75,$23.87,$23.49
07/01/2016,$23.89,8592957,$23.77,$24.02,$23.74
06/30/2016,$23.97,10256560,$23.71,$23.98,$23.465
06/29/2016,$23.56,13315140,$23.25,$23.71,$23.18
06/28/2016,$22.94,13573310,$22.75,$22.97,$22.56
06/27/2016,$22.29,20324060,$23.04,$23.17,$22.17
06/24/2016,$23.23,35722750,$23.5,$23.96,$23.145
06/23/2016,$24.52,10939550,$24.34,$24.53,$24.13
06/22/2016,$23.97,11644130,$23.83,$24.27,$23.78
06/21/2016,$23.83,7720110,$23.69,$23.92,$23.64
06/20/2016,$23.63,13020620,$23.87,$23.96,$23.63
06/17/2016,$23.43,22120360,$23.65,$23.65,$23.36
06/16/2016,$23.69,12827760,$23.52,$23.745,$23.32
06/15/2016,$23.7,13908890,$23.84,$23.95,$23.52
06/14/2016,$23.74,14554830,$23.72,$23.88,$23.46
06/13/2016,$23.94,11253050,$23.98,$24.15,$23.85
06/10/2016,$24.07,12630170,$24.4,$24.45,$23.96
06/09/2016,$24.42,11913370,$24.03,$24.46,$23.91
06/08/2016,$24.23,8007417,$24.2,$24.3,$24.09
06/07/2016,$24.17,10472150,$24.31,$24.36,$24.11
06/06/2016,$24.17,13550490,$24.42,$24.53,$24.095
